{
  "msgschema": { "msgversion": 1 },
  "sensordetails": {
    "sensor1": [ 1.91276269588282, 1.18322686440462, 0.11629032628438 ],
    "sensor2": [ 0.141055523483574, 6.3334924431208, 6.1158579057622, 9.4672448325284, 1.05989048306825 ],
    "sensor3": [ 122.929432440051, 76.9916197876407, 53.2928274959758, 108.071276432868, 59.7951717254683, 80.9607359259206, 108.371026352221, 9.15740831250204, 122.274286333599, 67.4668179207793 ]
  }
}