{
  "msgschema": {
    "msgversion": 1
  },
  "sensordetails": {
    "timestampnano": 19781906739.7071,
    "timestamp": "2018-10-23T12:34:36.707747-07:00",
    "deviceindex": 7,
    "sensor1": 1.05814516314219,
    "sensor2": -1.94357779060657,
    "sensor3": 0.533396977248321,
    "sensor4": 0.446343162304882,
    "sensor5": 1.78689793301136,
    "sensor6": 32.3179671449205,
    "sensor7": 34.458588648801,
    "sensor8": 33.5398323957528,
    "sensor9": 33.0658565499195,
    "sensor10": 0.720475176219118,
    "sensor11": 0.398634478169789,
    "sensor12": 0.539738239506138,
    "sensor13": 7947,
    "location": "usa"
  }
}